﻿{"data":[{"Properties":{"domain":"INSECURECORP.LOCAL","name":"ATTACKBOX.INSECURECORP.LOCAL","distinguishedname":"CN=ATTACKBOX,CN=COMPUTERS,DC=INSECURECORP,DC=LOCAL","domainsid":"S-1-5-21-1071434215-2697993623-1380600004","highvalue":false,"samaccountname":"ATTACKBOX$","haslaps":false,"description":null,"whencreated":1684600056,"enabled":true,"unconstraineddelegation":false,"trustedtoauth":false,"lastlogon":1684996438,"lastlogontimestamp":1684580256,"pwdlastset":1684580256,"serviceprincipalnames":["RestrictedKrbHost/ATTACKBOX","HOST/ATTACKBOX","RestrictedKrbHost/AttackBox.insecurecorp.local","HOST/AttackBox.insecurecorp.local"],"operatingsystem":"Windows 11 Pro","sidhistory":[]},"PrimaryGroupSID":"S-1-5-21-1071434215-2697993623-1380600004-515","AllowedToDelegate":[],"AllowedToAct":[],"HasSIDHistory":[],"DumpSMSAPassword":[],"Sessions":{"Results":[],"Collected":false,"FailureReason":null},"PrivilegedSessions":{"Results":[],"Collected":false,"FailureReason":null},"RegistrySessions":{"Results":[],"Collected":false,"FailureReason":null},"LocalAdmins":{"Results":[],"Collected":false,"FailureReason":null},"RemoteDesktopUsers":{"Results":[],"Collected":false,"FailureReason":null},"DcomUsers":{"Results":[],"Collected":false,"FailureReason":null},"PSRemoteUsers":{"Results":[],"Collected":false,"FailureReason":null},"Status":null,"Aces":[{"PrincipalSID":"S-1-5-21-1071434215-2697993623-1380600004-512","PrincipalType":"Group","RightName":"Owns","IsInherited":false},{"PrincipalSID":"INSECURECORP.LOCAL-S-1-5-32-548","PrincipalType":"Group","RightName":"GenericAll","IsInherited":false},{"PrincipalSID":"S-1-5-21-1071434215-2697993623-1380600004-512","PrincipalType":"Group","RightName":"GenericAll","IsInherited":false},{"PrincipalSID":"S-1-5-21-1071434215-2697993623-1380600004-526","PrincipalType":"Group","RightName":"AddKeyCredentialLink","IsInherited":true},{"PrincipalSID":"S-1-5-21-1071434215-2697993623-1380600004-527","PrincipalType":"Group","RightName":"AddKeyCredentialLink","IsInherited":true},{"PrincipalSID":"S-1-5-21-1071434215-2697993623-1380600004-519","PrincipalType":"Group","RightName":"GenericAll","IsInherited":true},{"PrincipalSID":"INSECURECORP.LOCAL-S-1-5-32-544","PrincipalType":"Group","RightName":"WriteDacl","IsInherited":true},{"PrincipalSID":"INSECURECORP.LOCAL-S-1-5-32-544","PrincipalType":"Group","RightName":"WriteOwner","IsInherited":true},{"PrincipalSID":"INSECURECORP.LOCAL-S-1-5-32-544","PrincipalType":"Group","RightName":"GenericWrite","IsInherited":true}],"ObjectIdentifier":"S-1-5-21-1071434215-2697993623-1380600004-1221","IsDeleted":false,"IsACLProtected":false},{"Properties":{"domain":"INSECURECORP.LOCAL","name":"RBCD.INSECURECORP.LOCAL","distinguishedname":"CN=RBCD,CN=COMPUTERS,DC=INSECURECORP,DC=LOCAL","domainsid":"S-1-5-21-1071434215-2697993623-1380600004","highvalue":false,"samaccountname":"RBCD$","haslaps":false,"description":null,"whencreated":1704797405,"enabled":true,"unconstraineddelegation":false,"trustedtoauth":false,"lastlogon":1705568368,"lastlogontimestamp":1704777840,"pwdlastset":0,"serviceprincipalnames":[],"operatingsystem":null,"sidhistory":[]},"PrimaryGroupSID":"S-1-5-21-1071434215-2697993623-1380600004-515","AllowedToDelegate":[],"AllowedToAct":[],"HasSIDHistory":[],"DumpSMSAPassword":[],"Sessions":{"Results":[],"Collected":false,"FailureReason":null},"PrivilegedSessions":{"Results":[],"Collected":false,"FailureReason":null},"RegistrySessions":{"Results":[],"Collected":false,"FailureReason":null},"LocalAdmins":{"Results":[],"Collected":false,"FailureReason":null},"RemoteDesktopUsers":{"Results":[],"Collected":false,"FailureReason":null},"DcomUsers":{"Results":[],"Collected":false,"FailureReason":null},"PSRemoteUsers":{"Results":[],"Collected":false,"FailureReason":null},"Status":null,"Aces":[{"PrincipalSID":"S-1-5-21-1071434215-2697993623-1380600004-512","PrincipalType":"Group","RightName":"Owns","IsInherited":false},{"PrincipalSID":"INSECURECORP.LOCAL-S-1-5-32-548","PrincipalType":"Group","RightName":"GenericAll","IsInherited":false},{"PrincipalSID":"S-1-5-21-1071434215-2697993623-1380600004-512","PrincipalType":"Group","RightName":"GenericAll","IsInherited":false},{"PrincipalSID":"S-1-5-21-1071434215-2697993623-1380600004-1334","PrincipalType":"User","RightName":"WriteAccountRestrictions","IsInherited":false},{"PrincipalSID":"S-1-5-21-1071434215-2697993623-1380600004-526","PrincipalType":"Group","RightName":"AddKeyCredentialLink","IsInherited":true},{"PrincipalSID":"S-1-5-21-1071434215-2697993623-1380600004-527","PrincipalType":"Group","RightName":"AddKeyCredentialLink","IsInherited":true},{"PrincipalSID":"S-1-5-21-1071434215-2697993623-1380600004-519","PrincipalType":"Group","RightName":"GenericAll","IsInherited":true},{"PrincipalSID":"INSECURECORP.LOCAL-S-1-5-32-544","PrincipalType":"Group","RightName":"WriteDacl","IsInherited":true},{"PrincipalSID":"INSECURECORP.LOCAL-S-1-5-32-544","PrincipalType":"Group","RightName":"WriteOwner","IsInherited":true},{"PrincipalSID":"INSECURECORP.LOCAL-S-1-5-32-544","PrincipalType":"Group","RightName":"GenericWrite","IsInherited":true}],"ObjectIdentifier":"S-1-5-21-1071434215-2697993623-1380600004-1357","IsDeleted":false,"IsACLProtected":false},{"Properties":{"domain":"INSECURECORP.LOCAL","name":"WIN-10.INSECURECORP.LOCAL","distinguishedname":"CN=WIN-10,CN=COMPUTERS,DC=INSECURECORP,DC=LOCAL","domainsid":"S-1-5-21-1071434215-2697993623-1380600004","highvalue":false,"samaccountname":"WIN-10$","haslaps":false,"description":null,"whencreated":1685017515,"enabled":true,"unconstraineddelegation":false,"trustedtoauth":false,"lastlogon":1685075454,"lastlogontimestamp":1684998732,"pwdlastset":1684997715,"serviceprincipalnames":["RestrictedKrbHost/WIN-10","HOST/WIN-10","RestrictedKrbHost/Win-10.insecurecorp.local","HOST/Win-10.insecurecorp.local"],"operatingsystem":"Windows 10 Pro","sidhistory":[]},"PrimaryGroupSID":"S-1-5-21-1071434215-2697993623-1380600004-515","AllowedToDelegate":[],"AllowedToAct":[],"HasSIDHistory":[],"DumpSMSAPassword":[],"Sessions":{"Results":[],"Collected":false,"FailureReason":null},"PrivilegedSessions":{"Results":[],"Collected":false,"FailureReason":null},"RegistrySessions":{"Results":[],"Collected":false,"FailureReason":null},"LocalAdmins":{"Results":[],"Collected":false,"FailureReason":null},"RemoteDesktopUsers":{"Results":[],"Collected":false,"FailureReason":null},"DcomUsers":{"Results":[],"Collected":false,"FailureReason":null},"PSRemoteUsers":{"Results":[],"Collected":false,"FailureReason":null},"Status":null,"Aces":[{"PrincipalSID":"S-1-5-21-1071434215-2697993623-1380600004-512","PrincipalType":"Group","RightName":"Owns","IsInherited":false},{"PrincipalSID":"INSECURECORP.LOCAL-S-1-5-32-548","PrincipalType":"Group","RightName":"GenericAll","IsInherited":false},{"PrincipalSID":"S-1-5-21-1071434215-2697993623-1380600004-512","PrincipalType":"Group","RightName":"GenericAll","IsInherited":false},{"PrincipalSID":"S-1-5-21-1071434215-2697993623-1380600004-526","PrincipalType":"Group","RightName":"AddKeyCredentialLink","IsInherited":true},{"PrincipalSID":"S-1-5-21-1071434215-2697993623-1380600004-527","PrincipalType":"Group","RightName":"AddKeyCredentialLink","IsInherited":true},{"PrincipalSID":"S-1-5-21-1071434215-2697993623-1380600004-519","PrincipalType":"Group","RightName":"GenericAll","IsInherited":true},{"PrincipalSID":"INSECURECORP.LOCAL-S-1-5-32-544","PrincipalType":"Group","RightName":"WriteDacl","IsInherited":true},{"PrincipalSID":"INSECURECORP.LOCAL-S-1-5-32-544","PrincipalType":"Group","RightName":"WriteOwner","IsInherited":true},{"PrincipalSID":"INSECURECORP.LOCAL-S-1-5-32-544","PrincipalType":"Group","RightName":"GenericWrite","IsInherited":true}],"ObjectIdentifier":"S-1-5-21-1071434215-2697993623-1380600004-1332","IsDeleted":false,"IsACLProtected":false},{"Properties":{"domain":"INSECURECORP.LOCAL","name":"TEST.INSECURECORP.LOCAL","distinguishedname":"CN=TEST,CN=COMPUTERS,DC=INSECURECORP,DC=LOCAL","domainsid":"S-1-5-21-1071434215-2697993623-1380600004","highvalue":false,"samaccountname":"test$","haslaps":false,"description":null,"whencreated":1689303836,"enabled":true,"unconstraineddelegation":false,"trustedtoauth":false,"lastlogon":0,"lastlogontimestamp":1689284053,"pwdlastset":0,"serviceprincipalnames":[],"operatingsystem":null,"sidhistory":[]},"PrimaryGroupSID":"S-1-5-21-1071434215-2697993623-1380600004-515","AllowedToDelegate":[],"AllowedToAct":[],"HasSIDHistory":[],"DumpSMSAPassword":[],"Sessions":{"Results":[],"Collected":false,"FailureReason":null},"PrivilegedSessions":{"Results":[],"Collected":false,"FailureReason":null},"RegistrySessions":{"Results":[],"Collected":false,"FailureReason":null},"LocalAdmins":{"Results":[],"Collected":false,"FailureReason":null},"RemoteDesktopUsers":{"Results":[],"Collected":false,"FailureReason":null},"DcomUsers":{"Results":[],"Collected":false,"FailureReason":null},"PSRemoteUsers":{"Results":[],"Collected":false,"FailureReason":null},"Status":null,"Aces":[{"PrincipalSID":"S-1-5-21-1071434215-2697993623-1380600004-512","PrincipalType":"Group","RightName":"Owns","IsInherited":false},{"PrincipalSID":"INSECURECORP.LOCAL-S-1-5-32-548","PrincipalType":"Group","RightName":"GenericAll","IsInherited":false},{"PrincipalSID":"S-1-5-21-1071434215-2697993623-1380600004-512","PrincipalType":"Group","RightName":"GenericAll","IsInherited":false},{"PrincipalSID":"S-1-5-21-1071434215-2697993623-1380600004-1108","PrincipalType":"User","RightName":"WriteAccountRestrictions","IsInherited":false},{"PrincipalSID":"S-1-5-21-1071434215-2697993623-1380600004-526","PrincipalType":"Group","RightName":"AddKeyCredentialLink","IsInherited":true},{"PrincipalSID":"S-1-5-21-1071434215-2697993623-1380600004-527","PrincipalType":"Group","RightName":"AddKeyCredentialLink","IsInherited":true},{"PrincipalSID":"S-1-5-21-1071434215-2697993623-1380600004-519","PrincipalType":"Group","RightName":"GenericAll","IsInherited":true},{"PrincipalSID":"INSECURECORP.LOCAL-S-1-5-32-544","PrincipalType":"Group","RightName":"WriteDacl","IsInherited":true},{"PrincipalSID":"INSECURECORP.LOCAL-S-1-5-32-544","PrincipalType":"Group","RightName":"WriteOwner","IsInherited":true},{"PrincipalSID":"INSECURECORP.LOCAL-S-1-5-32-544","PrincipalType":"Group","RightName":"GenericWrite","IsInherited":true}],"ObjectIdentifier":"S-1-5-21-1071434215-2697993623-1380600004-1350","IsDeleted":false,"IsACLProtected":false},{"Properties":{"domain":"INSECURECORP.LOCAL","name":"PENTESTER.INSECURECORP.LOCAL","distinguishedname":"CN=PENTESTER,CN=COMPUTERS,DC=INSECURECORP,DC=LOCAL","domainsid":"S-1-5-21-1071434215-2697993623-1380600004","highvalue":false,"samaccountname":"PENTESTER$","haslaps":false,"description":null,"whencreated":1684865748,"enabled":true,"unconstraineddelegation":true,"trustedtoauth":false,"lastlogon":1770196034,"lastlogontimestamp":1770191066,"pwdlastset":1770191066,"serviceprincipalnames":["MSSQLSvc/PENTESTER.insecurecorp.local:1433","MSSQLSvc/PENTESTER.insecurecorp.local","TERMSRV/PENTESTER","TERMSRV/PENTESTER.insecurecorp.local","RestrictedKrbHost/PENTESTER","HOST/PENTESTER","RestrictedKrbHost/PENTESTER.insecurecorp.local","HOST/PENTESTER.insecurecorp.local"],"operatingsystem":"Windows 10 Pro","sidhistory":[]},"PrimaryGroupSID":"S-1-5-21-1071434215-2697993623-1380600004-515","AllowedToDelegate":[],"AllowedToAct":[{"ObjectIdentifier":"S-1-5-21-1071434215-2697993623-1380600004-1355","ObjectType":"Base"},{"ObjectIdentifier":"S-1-5-21-1071434215-2697993623-1380600004-1356","ObjectType":"Base"}],"HasSIDHistory":[],"DumpSMSAPassword":[],"Sessions":{"Results":[],"Collected":true,"FailureReason":null},"PrivilegedSessions":{"Results":[],"Collected":false,"FailureReason":null},"RegistrySessions":{"Results":[],"Collected":false,"FailureReason":null},"LocalAdmins":{"Results":[{"ObjectIdentifier":"S-1-5-21-1071434215-2697993623-1380600004-1108","ObjectType":"User"},{"ObjectIdentifier":"S-1-5-21-1071434215-2697993623-1380600004-512","ObjectType":"Group"},{"ObjectIdentifier":"S-1-5-21-1071434215-2697993623-1380600004-1267","ObjectType":"User"}],"Collected":true,"FailureReason":null},"RemoteDesktopUsers":{"Results":[{"ObjectIdentifier":"S-1-5-21-1071434215-2697993623-1380600004-1267","ObjectType":"User"}],"Collected":true,"FailureReason":null},"DcomUsers":{"Results":[],"Collected":true,"FailureReason":null},"PSRemoteUsers":{"Results":[],"Collected":true,"FailureReason":null},"Status":null,"Aces":[{"PrincipalSID":"S-1-5-21-1071434215-2697993623-1380600004-512","PrincipalType":"Group","RightName":"Owns","IsInherited":false},{"PrincipalSID":"INSECURECORP.LOCAL-S-1-5-32-548","PrincipalType":"Group","RightName":"GenericAll","IsInherited":false},{"PrincipalSID":"S-1-5-21-1071434215-2697993623-1380600004-512","PrincipalType":"Group","RightName":"GenericAll","IsInherited":false},{"PrincipalSID":"S-1-5-21-1071434215-2697993623-1380600004-526","PrincipalType":"Group","RightName":"AddKeyCredentialLink","IsInherited":true},{"PrincipalSID":"S-1-5-21-1071434215-2697993623-1380600004-527","PrincipalType":"Group","RightName":"AddKeyCredentialLink","IsInherited":true},{"PrincipalSID":"S-1-5-21-1071434215-2697993623-1380600004-519","PrincipalType":"Group","RightName":"GenericAll","IsInherited":true},{"PrincipalSID":"INSECURECORP.LOCAL-S-1-5-32-544","PrincipalType":"Group","RightName":"WriteDacl","IsInherited":true},{"PrincipalSID":"INSECURECORP.LOCAL-S-1-5-32-544","PrincipalType":"Group","RightName":"WriteOwner","IsInherited":true},{"PrincipalSID":"INSECURECORP.LOCAL-S-1-5-32-544","PrincipalType":"Group","RightName":"GenericWrite","IsInherited":true}],"ObjectIdentifier":"S-1-5-21-1071434215-2697993623-1380600004-1229","IsDeleted":false,"IsACLProtected":false},{"Properties":{"domain":"INSECURECORP.LOCAL","name":"DC.INSECURECORP.LOCAL","distinguishedname":"CN=DC,OU=DOMAIN CONTROLLERS,DC=INSECURECORP,DC=LOCAL","domainsid":"S-1-5-21-1071434215-2697993623-1380600004","highvalue":false,"samaccountname":"DC$","haslaps":false,"description":null,"whencreated":1684584589,"enabled":true,"unconstraineddelegation":true,"trustedtoauth":false,"lastlogon":1770196058,"lastlogontimestamp":1770191064,"pwdlastset":1770191052,"serviceprincipalnames":["MSSQLSvc/DC.insecurecorp.local:1433","MSSQLSvc/DC.insecurecorp.local","TERMSRV/DC","TERMSRV/DC.insecurecorp.local","E3514235-4B06-11D1-AB04-00C04FC2DCD2-ADAM/DC.insecurecorp.local:50000","E3514235-4B06-11D1-AB04-00C04FC2DCD2-ADAM/DC:50000","Dfsr-12F9A27C-BF97-4787-9364-D31B6C55EB04/DC.insecurecorp.local","ldap/DC.insecurecorp.local/ForestDnsZones.insecurecorp.local","ldap/DC.insecurecorp.local/DomainDnsZones.insecurecorp.local","DNS/DC.insecurecorp.local","GC/DC.insecurecorp.local/insecurecorp.local","RestrictedKrbHost/DC.insecurecorp.local","RestrictedKrbHost/DC","RPC/dddd8bf3-a509-4cd9-891b-e3b0a0337793._msdcs.insecurecorp.local","HOST/DC/INSECURECORP","HOST/DC.insecurecorp.local/INSECURECORP","HOST/DC","HOST/DC.insecurecorp.local","HOST/DC.insecurecorp.local/insecurecorp.local","E3514235-4B06-11D1-AB04-00C04FC2DCD2/dddd8bf3-a509-4cd9-891b-e3b0a0337793/insecurecorp.local","ldap/DC/INSECURECORP","ldap/dddd8bf3-a509-4cd9-891b-e3b0a0337793._msdcs.insecurecorp.local","ldap/DC.insecurecorp.local/INSECURECORP","ldap/DC","ldap/DC.insecurecorp.local","ldap/DC.insecurecorp.local/insecurecorp.local"],"operatingsystem":"Windows Server 2022 Standard","sidhistory":[]},"PrimaryGroupSID":"S-1-5-21-1071434215-2697993623-1380600004-516","AllowedToDelegate":[],"AllowedToAct":[],"HasSIDHistory":[],"DumpSMSAPassword":[],"Sessions":{"Results":[],"Collected":false,"FailureReason":"ERROR_ACCESS_DENIED"},"PrivilegedSessions":{"Results":[],"Collected":false,"FailureReason":null},"RegistrySessions":{"Results":[],"Collected":false,"FailureReason":null},"LocalAdmins":{"Results":[{"ObjectIdentifier":"S-1-5-21-1071434215-2697993623-1380600004-500","ObjectType":"User"},{"ObjectIdentifier":"S-1-5-21-1071434215-2697993623-1380600004-519","ObjectType":"Group"},{"ObjectIdentifier":"S-1-5-21-1071434215-2697993623-1380600004-512","ObjectType":"Group"},{"ObjectIdentifier":"S-1-5-21-1071434215-2697993623-1380600004-1251","ObjectType":"User"}],"Collected":true,"FailureReason":null},"RemoteDesktopUsers":{"Results":[{"ObjectIdentifier":"S-1-5-21-1071434215-2697993623-1380600004-1267","ObjectType":"User"}],"Collected":true,"FailureReason":null},"DcomUsers":{"Results":[],"Collected":true,"FailureReason":null},"PSRemoteUsers":{"Results":[],"Collected":true,"FailureReason":null},"Status":null,"Aces":[{"PrincipalSID":"S-1-5-21-1071434215-2697993623-1380600004-512","PrincipalType":"Group","RightName":"Owns","IsInherited":false},{"PrincipalSID":"S-1-5-21-1071434215-2697993623-1380600004-512","PrincipalType":"Group","RightName":"GenericAll","IsInherited":false},{"PrincipalSID":"S-1-5-21-1071434215-2697993623-1380600004-1223","PrincipalType":"Group","RightName":"AddAllowedToAct","IsInherited":false},{"PrincipalSID":"S-1-5-21-1071434215-2697993623-1380600004-1333","PrincipalType":"Group","RightName":"AddKeyCredentialLink","IsInherited":false},{"PrincipalSID":"S-1-5-21-1071434215-2697993623-1380600004-526","PrincipalType":"Group","RightName":"AddKeyCredentialLink","IsInherited":true},{"PrincipalSID":"S-1-5-21-1071434215-2697993623-1380600004-527","PrincipalType":"Group","RightName":"AddKeyCredentialLink","IsInherited":true},{"PrincipalSID":"S-1-5-21-1071434215-2697993623-1380600004-519","PrincipalType":"Group","RightName":"GenericAll","IsInherited":true},{"PrincipalSID":"INSECURECORP.LOCAL-S-1-5-32-544","PrincipalType":"Group","RightName":"WriteDacl","IsInherited":true},{"PrincipalSID":"INSECURECORP.LOCAL-S-1-5-32-544","PrincipalType":"Group","RightName":"WriteOwner","IsInherited":true},{"PrincipalSID":"INSECURECORP.LOCAL-S-1-5-32-544","PrincipalType":"Group","RightName":"GenericWrite","IsInherited":true}],"ObjectIdentifier":"S-1-5-21-1071434215-2697993623-1380600004-1000","IsDeleted":false,"IsACLProtected":false}],"meta":{"methods":29675,"type":"computers","count":6,"version":5}}