﻿{"data":[{"Properties":{"domain":"INSECURECORP.LOCAL","name":"ADMINSDHOLDER@INSECURECORP.LOCAL","distinguishedname":"CN=ADMINSDHOLDER,CN=SYSTEM,DC=INSECURECORP,DC=LOCAL","domainsid":"S-1-5-21-1071434215-2697993623-1380600004","highvalue":false},"ChildObjects":[],"Aces":[{"PrincipalSID":"S-1-5-21-1071434215-2697993623-1380600004-512","PrincipalType":"Group","RightName":"Owns","IsInherited":false},{"PrincipalSID":"INSECURECORP.LOCAL-S-1-5-32-544","PrincipalType":"Group","RightName":"WriteDacl","IsInherited":false},{"PrincipalSID":"INSECURECORP.LOCAL-S-1-5-32-544","PrincipalType":"Group","RightName":"WriteOwner","IsInherited":false},{"PrincipalSID":"S-1-5-21-1071434215-2697993623-1380600004-512","PrincipalType":"Group","RightName":"WriteDacl","IsInherited":false},{"PrincipalSID":"S-1-5-21-1071434215-2697993623-1380600004-512","PrincipalType":"Group","RightName":"WriteOwner","IsInherited":false},{"PrincipalSID":"S-1-5-21-1071434215-2697993623-1380600004-519","PrincipalType":"Group","RightName":"WriteDacl","IsInherited":false},{"PrincipalSID":"S-1-5-21-1071434215-2697993623-1380600004-519","PrincipalType":"Group","RightName":"WriteOwner","IsInherited":false}],"ObjectIdentifier":"FB16F103-15BF-4C9A-99E4-1FA704DF1BAA","IsDeleted":false,"IsACLProtected":true},{"Properties":{"domain":"INSECURECORP.LOCAL","name":"POLICYTEMPLATE@INSECURECORP.LOCAL","distinguishedname":"CN=POLICYTEMPLATE,CN=WMIPOLICY,CN=SYSTEM,DC=INSECURECORP,DC=LOCAL","domainsid":"S-1-5-21-1071434215-2697993623-1380600004","highvalue":false},"ChildObjects":[],"Aces":[{"PrincipalSID":"S-1-5-21-1071434215-2697993623-1380600004-512","PrincipalType":"Group","RightName":"Owns","IsInherited":false},{"PrincipalSID":"S-1-5-21-1071434215-2697993623-1380600004-512","PrincipalType":"Group","RightName":"WriteDacl","IsInherited":false},{"PrincipalSID":"S-1-5-21-1071434215-2697993623-1380600004-512","PrincipalType":"Group","RightName":"WriteOwner","IsInherited":false},{"PrincipalSID":"S-1-5-21-1071434215-2697993623-1380600004-519","PrincipalType":"Group","RightName":"GenericAll","IsInherited":true},{"PrincipalSID":"S-1-5-21-1071434215-2697993623-1380600004-512","PrincipalType":"Group","RightName":"GenericAll","IsInherited":true}],"ObjectIdentifier":"94B7A65D-3B40-438B-A78E-9DA7AB80D46E","IsDeleted":false,"IsACLProtected":false},{"Properties":{"domain":"INSECURECORP.LOCAL","name":"WMIGPO@INSECURECORP.LOCAL","distinguishedname":"CN=WMIGPO,CN=WMIPOLICY,CN=SYSTEM,DC=INSECURECORP,DC=LOCAL","domainsid":"S-1-5-21-1071434215-2697993623-1380600004","highvalue":false},"ChildObjects":[],"Aces":[{"PrincipalSID":"S-1-5-21-1071434215-2697993623-1380600004-512","PrincipalType":"Group","RightName":"Owns","IsInherited":false},{"PrincipalSID":"S-1-5-21-1071434215-2697993623-1380600004-512","PrincipalType":"Group","RightName":"WriteDacl","IsInherited":false},{"PrincipalSID":"S-1-5-21-1071434215-2697993623-1380600004-512","PrincipalType":"Group","RightName":"WriteOwner","IsInherited":false},{"PrincipalSID":"S-1-5-21-1071434215-2697993623-1380600004-519","PrincipalType":"Group","RightName":"GenericAll","IsInherited":true},{"PrincipalSID":"S-1-5-21-1071434215-2697993623-1380600004-512","PrincipalType":"Group","RightName":"GenericAll","IsInherited":true}],"ObjectIdentifier":"B810D727-2C08-4541-BE1B-547E7A80728E","IsDeleted":false,"IsACLProtected":false},{"Properties":{"domain":"INSECURECORP.LOCAL","name":"POLICYTYPE@INSECURECORP.LOCAL","distinguishedname":"CN=POLICYTYPE,CN=WMIPOLICY,CN=SYSTEM,DC=INSECURECORP,DC=LOCAL","domainsid":"S-1-5-21-1071434215-2697993623-1380600004","highvalue":false},"ChildObjects":[],"Aces":[{"PrincipalSID":"S-1-5-21-1071434215-2697993623-1380600004-512","PrincipalType":"Group","RightName":"Owns","IsInherited":false},{"PrincipalSID":"S-1-5-21-1071434215-2697993623-1380600004-512","PrincipalType":"Group","RightName":"WriteDacl","IsInherited":false},{"PrincipalSID":"S-1-5-21-1071434215-2697993623-1380600004-512","PrincipalType":"Group","RightName":"WriteOwner","IsInherited":false},{"PrincipalSID":"S-1-5-21-1071434215-2697993623-1380600004-519","PrincipalType":"Group","RightName":"GenericAll","IsInherited":true},{"PrincipalSID":"S-1-5-21-1071434215-2697993623-1380600004-512","PrincipalType":"Group","RightName":"GenericAll","IsInherited":true}],"ObjectIdentifier":"F88377DC-A5C9-4E99-AA8D-495A8E6C7346","IsDeleted":false,"IsACLProtected":false},{"Properties":{"domain":"INSECURECORP.LOCAL","name":"FOREIGNSECURITYPRINCIPALS@INSECURECORP.LOCAL","distinguishedname":"CN=FOREIGNSECURITYPRINCIPALS,DC=INSECURECORP,DC=LOCAL","domainsid":"S-1-5-21-1071434215-2697993623-1380600004","highvalue":false},"ChildObjects":[],"Aces":[{"PrincipalSID":"S-1-5-21-1071434215-2697993623-1380600004-512","PrincipalType":"Group","RightName":"Owns","IsInherited":false},{"PrincipalSID":"S-1-5-21-1071434215-2697993623-1380600004-512","PrincipalType":"Group","RightName":"GenericAll","IsInherited":false},{"PrincipalSID":"S-1-5-21-1071434215-2697993623-1380600004-519","PrincipalType":"Group","RightName":"GenericAll","IsInherited":true},{"PrincipalSID":"INSECURECORP.LOCAL-S-1-5-32-544","PrincipalType":"Group","RightName":"WriteDacl","IsInherited":true},{"PrincipalSID":"INSECURECORP.LOCAL-S-1-5-32-544","PrincipalType":"Group","RightName":"WriteOwner","IsInherited":true}],"ObjectIdentifier":"B6C0C161-930B-4D1F-ACA7-8DE6D5B7E17A","IsDeleted":false,"IsACLProtected":false},{"Properties":{"domain":"INSECURECORP.LOCAL","name":"MICROSOFT@INSECURECORP.LOCAL","distinguishedname":"CN=MICROSOFT,CN=PROGRAM DATA,DC=INSECURECORP,DC=LOCAL","domainsid":"S-1-5-21-1071434215-2697993623-1380600004","highvalue":false},"ChildObjects":[],"Aces":[{"PrincipalSID":"S-1-5-21-1071434215-2697993623-1380600004-512","PrincipalType":"Group","RightName":"Owns","IsInherited":false},{"PrincipalSID":"S-1-5-21-1071434215-2697993623-1380600004-512","PrincipalType":"Group","RightName":"GenericAll","IsInherited":false},{"PrincipalSID":"S-1-5-21-1071434215-2697993623-1380600004-519","PrincipalType":"Group","RightName":"GenericAll","IsInherited":true},{"PrincipalSID":"INSECURECORP.LOCAL-S-1-5-32-544","PrincipalType":"Group","RightName":"WriteDacl","IsInherited":true},{"PrincipalSID":"INSECURECORP.LOCAL-S-1-5-32-544","PrincipalType":"Group","RightName":"WriteOwner","IsInherited":true}],"ObjectIdentifier":"7AF4A863-F762-4577-B1FA-CFF8D18AE5C9","IsDeleted":false,"IsACLProtected":false},{"Properties":{"domain":"INSECURECORP.LOCAL","name":"RPCSERVICES@INSECURECORP.LOCAL","distinguishedname":"CN=RPCSERVICES,CN=SYSTEM,DC=INSECURECORP,DC=LOCAL","domainsid":"S-1-5-21-1071434215-2697993623-1380600004","highvalue":false},"ChildObjects":[],"Aces":[{"PrincipalSID":"S-1-5-21-1071434215-2697993623-1380600004-512","PrincipalType":"Group","RightName":"Owns","IsInherited":false},{"PrincipalSID":"S-1-5-21-1071434215-2697993623-1380600004-512","PrincipalType":"Group","RightName":"WriteDacl","IsInherited":false},{"PrincipalSID":"S-1-5-21-1071434215-2697993623-1380600004-512","PrincipalType":"Group","RightName":"WriteOwner","IsInherited":false},{"PrincipalSID":"S-1-5-21-1071434215-2697993623-1380600004-519","PrincipalType":"Group","RightName":"GenericAll","IsInherited":true},{"PrincipalSID":"INSECURECORP.LOCAL-S-1-5-32-544","PrincipalType":"Group","RightName":"WriteDacl","IsInherited":true},{"PrincipalSID":"INSECURECORP.LOCAL-S-1-5-32-544","PrincipalType":"Group","RightName":"WriteOwner","IsInherited":true}],"ObjectIdentifier":"627BD3D2-A5D0-48D4-BF38-B520C3D9DC31","IsDeleted":false,"IsACLProtected":false},{"Properties":{"domain":"INSECURECORP.LOCAL","name":"MEETINGS@INSECURECORP.LOCAL","distinguishedname":"CN=MEETINGS,CN=SYSTEM,DC=INSECURECORP,DC=LOCAL","domainsid":"S-1-5-21-1071434215-2697993623-1380600004","highvalue":false},"ChildObjects":[],"Aces":[{"PrincipalSID":"S-1-5-21-1071434215-2697993623-1380600004-512","PrincipalType":"Group","RightName":"Owns","IsInherited":false},{"PrincipalSID":"S-1-5-21-1071434215-2697993623-1380600004-512","PrincipalType":"Group","RightName":"WriteDacl","IsInherited":false},{"PrincipalSID":"S-1-5-21-1071434215-2697993623-1380600004-512","PrincipalType":"Group","RightName":"WriteOwner","IsInherited":false},{"PrincipalSID":"S-1-5-21-1071434215-2697993623-1380600004-519","PrincipalType":"Group","RightName":"GenericAll","IsInherited":true},{"PrincipalSID":"INSECURECORP.LOCAL-S-1-5-32-544","PrincipalType":"Group","RightName":"WriteDacl","IsInherited":true},{"PrincipalSID":"INSECURECORP.LOCAL-S-1-5-32-544","PrincipalType":"Group","RightName":"WriteOwner","IsInherited":true}],"ObjectIdentifier":"ED3ED8D3-4651-49BD-A3F2-2AE81F8C5214","IsDeleted":false,"IsACLProtected":false},{"Properties":{"domain":"INSECURECORP.LOCAL","name":"PSPS@INSECURECORP.LOCAL","distinguishedname":"CN=PSPS,CN=SYSTEM,DC=INSECURECORP,DC=LOCAL","domainsid":"S-1-5-21-1071434215-2697993623-1380600004","highvalue":false},"ChildObjects":[],"Aces":[{"PrincipalSID":"S-1-5-21-1071434215-2697993623-1380600004-512","PrincipalType":"Group","RightName":"Owns","IsInherited":false},{"PrincipalSID":"S-1-5-21-1071434215-2697993623-1380600004-512","PrincipalType":"Group","RightName":"GenericAll","IsInherited":false},{"PrincipalSID":"S-1-5-21-1071434215-2697993623-1380600004-519","PrincipalType":"Group","RightName":"GenericAll","IsInherited":true},{"PrincipalSID":"INSECURECORP.LOCAL-S-1-5-32-544","PrincipalType":"Group","RightName":"WriteDacl","IsInherited":true},{"PrincipalSID":"INSECURECORP.LOCAL-S-1-5-32-544","PrincipalType":"Group","RightName":"WriteOwner","IsInherited":true}],"ObjectIdentifier":"881B6AA3-F234-4891-8A52-EDB7D9BCB512","IsDeleted":false,"IsACLProtected":false},{"Properties":{"domain":"INSECURECORP.LOCAL","name":"SOM@INSECURECORP.LOCAL","distinguishedname":"CN=SOM,CN=WMIPOLICY,CN=SYSTEM,DC=INSECURECORP,DC=LOCAL","domainsid":"S-1-5-21-1071434215-2697993623-1380600004","highvalue":false},"ChildObjects":[],"Aces":[{"PrincipalSID":"S-1-5-21-1071434215-2697993623-1380600004-512","PrincipalType":"Group","RightName":"Owns","IsInherited":false},{"PrincipalSID":"S-1-5-21-1071434215-2697993623-1380600004-512","PrincipalType":"Group","RightName":"GenericAll","IsInherited":false},{"PrincipalSID":"S-1-5-21-1071434215-2697993623-1380600004-519","PrincipalType":"Group","RightName":"GenericAll","IsInherited":false}],"ObjectIdentifier":"CFED2542-6384-4068-892C-F9616E2B903C","IsDeleted":false,"IsACLProtected":true},{"Properties":{"domain":"INSECURECORP.LOCAL","name":"WINSOCKSERVICES@INSECURECORP.LOCAL","distinguishedname":"CN=WINSOCKSERVICES,CN=SYSTEM,DC=INSECURECORP,DC=LOCAL","domainsid":"S-1-5-21-1071434215-2697993623-1380600004","highvalue":false},"ChildObjects":[],"Aces":[{"PrincipalSID":"S-1-5-21-1071434215-2697993623-1380600004-512","PrincipalType":"Group","RightName":"Owns","IsInherited":false},{"PrincipalSID":"S-1-5-21-1071434215-2697993623-1380600004-512","PrincipalType":"Group","RightName":"WriteDacl","IsInherited":false},{"PrincipalSID":"S-1-5-21-1071434215-2697993623-1380600004-512","PrincipalType":"Group","RightName":"WriteOwner","IsInherited":false},{"PrincipalSID":"S-1-5-21-1071434215-2697993623-1380600004-519","PrincipalType":"Group","RightName":"GenericAll","IsInherited":true},{"PrincipalSID":"INSECURECORP.LOCAL-S-1-5-32-544","PrincipalType":"Group","RightName":"WriteDacl","IsInherited":true},{"PrincipalSID":"INSECURECORP.LOCAL-S-1-5-32-544","PrincipalType":"Group","RightName":"WriteOwner","IsInherited":true}],"ObjectIdentifier":"A8E7CA73-DCD9-4D1B-92AF-E4771AF4AACC","IsDeleted":false,"IsACLProtected":false},{"Properties":{"domain":"INSECURECORP.LOCAL","name":"PROGRAM DATA@INSECURECORP.LOCAL","distinguishedname":"CN=PROGRAM DATA,DC=INSECURECORP,DC=LOCAL","domainsid":"S-1-5-21-1071434215-2697993623-1380600004","highvalue":false},"ChildObjects":[],"Aces":[{"PrincipalSID":"S-1-5-21-1071434215-2697993623-1380600004-512","PrincipalType":"Group","RightName":"Owns","IsInherited":false},{"PrincipalSID":"S-1-5-21-1071434215-2697993623-1380600004-512","PrincipalType":"Group","RightName":"GenericAll","IsInherited":false},{"PrincipalSID":"S-1-5-21-1071434215-2697993623-1380600004-519","PrincipalType":"Group","RightName":"GenericAll","IsInherited":true},{"PrincipalSID":"INSECURECORP.LOCAL-S-1-5-32-544","PrincipalType":"Group","RightName":"WriteDacl","IsInherited":true},{"PrincipalSID":"INSECURECORP.LOCAL-S-1-5-32-544","PrincipalType":"Group","RightName":"WriteOwner","IsInherited":true}],"ObjectIdentifier":"9E0A01DB-018D-4C21-B9E8-5B19D81DF571","IsDeleted":false,"IsACLProtected":false},{"Properties":{"domain":"INSECURECORP.LOCAL","name":"MANAGED SERVICE ACCOUNTS@INSECURECORP.LOCAL","distinguishedname":"CN=MANAGED SERVICE ACCOUNTS,DC=INSECURECORP,DC=LOCAL","domainsid":"S-1-5-21-1071434215-2697993623-1380600004","highvalue":false},"ChildObjects":[{"ObjectIdentifier":"S-1-5-21-1071434215-2697993623-1380600004-1219","ObjectType":"User"},{"ObjectIdentifier":"S-1-5-21-1071434215-2697993623-1380600004-1217","ObjectType":"User"},{"ObjectIdentifier":"S-1-5-21-1071434215-2697993623-1380600004-1218","ObjectType":"User"}],"Aces":[{"PrincipalSID":"S-1-5-21-1071434215-2697993623-1380600004-512","PrincipalType":"Group","RightName":"Owns","IsInherited":false},{"PrincipalSID":"S-1-5-21-1071434215-2697993623-1380600004-512","PrincipalType":"Group","RightName":"WriteDacl","IsInherited":false},{"PrincipalSID":"S-1-5-21-1071434215-2697993623-1380600004-512","PrincipalType":"Group","RightName":"WriteOwner","IsInherited":false},{"PrincipalSID":"S-1-5-21-1071434215-2697993623-1380600004-519","PrincipalType":"Group","RightName":"GenericAll","IsInherited":true},{"PrincipalSID":"INSECURECORP.LOCAL-S-1-5-32-544","PrincipalType":"Group","RightName":"WriteDacl","IsInherited":true},{"PrincipalSID":"INSECURECORP.LOCAL-S-1-5-32-544","PrincipalType":"Group","RightName":"WriteOwner","IsInherited":true}],"ObjectIdentifier":"D4E06ECE-9589-4BCE-B37E-C97A1FBFAB1A","IsDeleted":false,"IsACLProtected":false},{"Properties":{"domain":"INSECURECORP.LOCAL","name":"RAS AND IAS SERVERS ACCESS CHECK@INSECURECORP.LOCAL","distinguishedname":"CN=RAS AND IAS SERVERS ACCESS CHECK,CN=SYSTEM,DC=INSECURECORP,DC=LOCAL","domainsid":"S-1-5-21-1071434215-2697993623-1380600004","highvalue":false},"ChildObjects":[],"Aces":[{"PrincipalSID":"S-1-5-21-1071434215-2697993623-1380600004-512","PrincipalType":"Group","RightName":"Owns","IsInherited":false},{"PrincipalSID":"S-1-5-21-1071434215-2697993623-1380600004-553","PrincipalType":"Group","RightName":"WriteDacl","IsInherited":false},{"PrincipalSID":"S-1-5-21-1071434215-2697993623-1380600004-553","PrincipalType":"Group","RightName":"WriteOwner","IsInherited":false},{"PrincipalSID":"S-1-5-21-1071434215-2697993623-1380600004-519","PrincipalType":"Group","RightName":"GenericAll","IsInherited":true},{"PrincipalSID":"INSECURECORP.LOCAL-S-1-5-32-544","PrincipalType":"Group","RightName":"WriteDacl","IsInherited":true},{"PrincipalSID":"INSECURECORP.LOCAL-S-1-5-32-544","PrincipalType":"Group","RightName":"WriteOwner","IsInherited":true}],"ObjectIdentifier":"E79136BB-EED7-4B83-8E1A-44B0E36E0143","IsDeleted":false,"IsACLProtected":false},{"Properties":{"domain":"INSECURECORP.LOCAL","name":"WMIPOLICY@INSECURECORP.LOCAL","distinguishedname":"CN=WMIPOLICY,CN=SYSTEM,DC=INSECURECORP,DC=LOCAL","domainsid":"S-1-5-21-1071434215-2697993623-1380600004","highvalue":false},"ChildObjects":[],"Aces":[{"PrincipalSID":"S-1-5-21-1071434215-2697993623-1380600004-512","PrincipalType":"Group","RightName":"Owns","IsInherited":false},{"PrincipalSID":"S-1-5-21-1071434215-2697993623-1380600004-512","PrincipalType":"Group","RightName":"GenericAll","IsInherited":false},{"PrincipalSID":"S-1-5-21-1071434215-2697993623-1380600004-519","PrincipalType":"Group","RightName":"GenericAll","IsInherited":false}],"ObjectIdentifier":"64A5367C-C5E1-4BCE-8EEB-C2A224879F45","IsDeleted":false,"IsACLProtected":true},{"Properties":{"domain":"INSECURECORP.LOCAL","name":"POLICIES@INSECURECORP.LOCAL","distinguishedname":"CN=POLICIES,CN=SYSTEM,DC=INSECURECORP,DC=LOCAL","domainsid":"S-1-5-21-1071434215-2697993623-1380600004","highvalue":false},"ChildObjects":[],"Aces":[{"PrincipalSID":"S-1-5-21-1071434215-2697993623-1380600004-512","PrincipalType":"Group","RightName":"Owns","IsInherited":false},{"PrincipalSID":"S-1-5-21-1071434215-2697993623-1380600004-512","PrincipalType":"Group","RightName":"WriteDacl","IsInherited":false},{"PrincipalSID":"S-1-5-21-1071434215-2697993623-1380600004-512","PrincipalType":"Group","RightName":"WriteOwner","IsInherited":false},{"PrincipalSID":"S-1-5-21-1071434215-2697993623-1380600004-519","PrincipalType":"Group","RightName":"GenericAll","IsInherited":true},{"PrincipalSID":"INSECURECORP.LOCAL-S-1-5-32-544","PrincipalType":"Group","RightName":"WriteDacl","IsInherited":true},{"PrincipalSID":"INSECURECORP.LOCAL-S-1-5-32-544","PrincipalType":"Group","RightName":"WriteOwner","IsInherited":true}],"ObjectIdentifier":"5D72BD5A-8C69-444C-9C1F-F191829A0C05","IsDeleted":false,"IsACLProtected":false},{"Properties":{"domain":"INSECURECORP.LOCAL","name":"COMPARTITIONS@INSECURECORP.LOCAL","distinguishedname":"CN=COMPARTITIONS,CN=SYSTEM,DC=INSECURECORP,DC=LOCAL","domainsid":"S-1-5-21-1071434215-2697993623-1380600004","highvalue":false},"ChildObjects":[],"Aces":[{"PrincipalSID":"S-1-5-21-1071434215-2697993623-1380600004-512","PrincipalType":"Group","RightName":"Owns","IsInherited":false},{"PrincipalSID":"S-1-5-21-1071434215-2697993623-1380600004-512","PrincipalType":"Group","RightName":"WriteDacl","IsInherited":false},{"PrincipalSID":"S-1-5-21-1071434215-2697993623-1380600004-512","PrincipalType":"Group","RightName":"WriteOwner","IsInherited":false},{"PrincipalSID":"S-1-5-21-1071434215-2697993623-1380600004-519","PrincipalType":"Group","RightName":"GenericAll","IsInherited":true},{"PrincipalSID":"INSECURECORP.LOCAL-S-1-5-32-544","PrincipalType":"Group","RightName":"WriteDacl","IsInherited":true},{"PrincipalSID":"INSECURECORP.LOCAL-S-1-5-32-544","PrincipalType":"Group","RightName":"WriteOwner","IsInherited":true}],"ObjectIdentifier":"A39F9395-E1C3-46B5-9458-52A123401A91","IsDeleted":false,"IsACLProtected":false},{"Properties":{"domain":"INSECURECORP.LOCAL","name":"SYSTEM@INSECURECORP.LOCAL","distinguishedname":"CN=SYSTEM,DC=INSECURECORP,DC=LOCAL","domainsid":"S-1-5-21-1071434215-2697993623-1380600004","highvalue":false},"ChildObjects":[],"Aces":[{"PrincipalSID":"S-1-5-21-1071434215-2697993623-1380600004-512","PrincipalType":"Group","RightName":"Owns","IsInherited":false},{"PrincipalSID":"S-1-5-21-1071434215-2697993623-1380600004-512","PrincipalType":"Group","RightName":"WriteDacl","IsInherited":false},{"PrincipalSID":"S-1-5-21-1071434215-2697993623-1380600004-512","PrincipalType":"Group","RightName":"WriteOwner","IsInherited":false},{"PrincipalSID":"S-1-5-21-1071434215-2697993623-1380600004-519","PrincipalType":"Group","RightName":"GenericAll","IsInherited":true},{"PrincipalSID":"INSECURECORP.LOCAL-S-1-5-32-544","PrincipalType":"Group","RightName":"WriteDacl","IsInherited":true},{"PrincipalSID":"INSECURECORP.LOCAL-S-1-5-32-544","PrincipalType":"Group","RightName":"WriteOwner","IsInherited":true}],"ObjectIdentifier":"C6DF1E3F-1226-4619-A677-214D41DDD46B","IsDeleted":false,"IsACLProtected":false},{"Properties":{"domain":"INSECURECORP.LOCAL","name":"COMPARTITIONSETS@INSECURECORP.LOCAL","distinguishedname":"CN=COMPARTITIONSETS,CN=SYSTEM,DC=INSECURECORP,DC=LOCAL","domainsid":"S-1-5-21-1071434215-2697993623-1380600004","highvalue":false},"ChildObjects":[],"Aces":[{"PrincipalSID":"S-1-5-21-1071434215-2697993623-1380600004-512","PrincipalType":"Group","RightName":"Owns","IsInherited":false},{"PrincipalSID":"S-1-5-21-1071434215-2697993623-1380600004-512","PrincipalType":"Group","RightName":"WriteDacl","IsInherited":false},{"PrincipalSID":"S-1-5-21-1071434215-2697993623-1380600004-512","PrincipalType":"Group","RightName":"WriteOwner","IsInherited":false},{"PrincipalSID":"S-1-5-21-1071434215-2697993623-1380600004-519","PrincipalType":"Group","RightName":"GenericAll","IsInherited":true},{"PrincipalSID":"INSECURECORP.LOCAL-S-1-5-32-544","PrincipalType":"Group","RightName":"WriteDacl","IsInherited":true},{"PrincipalSID":"INSECURECORP.LOCAL-S-1-5-32-544","PrincipalType":"Group","RightName":"WriteOwner","IsInherited":true}],"ObjectIdentifier":"0DABAE43-3D05-4AA0-855D-3C94C61825C2","IsDeleted":false,"IsACLProtected":false},{"Properties":{"domain":"INSECURECORP.LOCAL","name":"COMPUTERS@INSECURECORP.LOCAL","distinguishedname":"CN=COMPUTERS,DC=INSECURECORP,DC=LOCAL","domainsid":"S-1-5-21-1071434215-2697993623-1380600004","highvalue":false},"ChildObjects":[{"ObjectIdentifier":"S-1-5-21-1071434215-2697993623-1380600004-1221","ObjectType":"Computer"},{"ObjectIdentifier":"S-1-5-21-1071434215-2697993623-1380600004-1229","ObjectType":"Computer"},{"ObjectIdentifier":"S-1-5-21-1071434215-2697993623-1380600004-1357","ObjectType":"Computer"},{"ObjectIdentifier":"S-1-5-21-1071434215-2697993623-1380600004-1350","ObjectType":"Computer"},{"ObjectIdentifier":"S-1-5-21-1071434215-2697993623-1380600004-1332","ObjectType":"Computer"}],"Aces":[{"PrincipalSID":"S-1-5-21-1071434215-2697993623-1380600004-512","PrincipalType":"Group","RightName":"Owns","IsInherited":false},{"PrincipalSID":"S-1-5-21-1071434215-2697993623-1380600004-512","PrincipalType":"Group","RightName":"WriteDacl","IsInherited":false},{"PrincipalSID":"S-1-5-21-1071434215-2697993623-1380600004-512","PrincipalType":"Group","RightName":"WriteOwner","IsInherited":false},{"PrincipalSID":"S-1-5-21-1071434215-2697993623-1380600004-519","PrincipalType":"Group","RightName":"GenericAll","IsInherited":true},{"PrincipalSID":"INSECURECORP.LOCAL-S-1-5-32-544","PrincipalType":"Group","RightName":"WriteDacl","IsInherited":true},{"PrincipalSID":"INSECURECORP.LOCAL-S-1-5-32-544","PrincipalType":"Group","RightName":"WriteOwner","IsInherited":true}],"ObjectIdentifier":"EC14E31B-0CF5-4C5C-8C6C-5B48AE01BFDF","IsDeleted":false,"IsACLProtected":false},{"Properties":{"domain":"INSECURECORP.LOCAL","name":"USERS@INSECURECORP.LOCAL","distinguishedname":"CN=USERS,DC=INSECURECORP,DC=LOCAL","domainsid":"S-1-5-21-1071434215-2697993623-1380600004","highvalue":false},"ChildObjects":[{"ObjectIdentifier":"S-1-5-21-1071434215-2697993623-1380600004-1298","ObjectType":"User"},{"ObjectIdentifier":"S-1-5-21-1071434215-2697993623-1380600004-1216","ObjectType":"Group"},{"ObjectIdentifier":"S-1-5-21-1071434215-2697993623-1380600004-1266","ObjectType":"User"},{"ObjectIdentifier":"S-1-5-21-1071434215-2697993623-1380600004-1220","ObjectType":"User"},{"ObjectIdentifier":"S-1-5-21-1071434215-2697993623-1380600004-500","ObjectType":"User"},{"ObjectIdentifier":"S-1-5-21-1071434215-2697993623-1380600004-1125","ObjectType":"User"},{"ObjectIdentifier":"S-1-5-21-1071434215-2697993623-1380600004-1295","ObjectType":"User"},{"ObjectIdentifier":"S-1-5-21-1071434215-2697993623-1380600004-1139","ObjectType":"User"},{"ObjectIdentifier":"S-1-5-21-1071434215-2697993623-1380600004-1267","ObjectType":"User"},{"ObjectIdentifier":"S-1-5-21-1071434215-2697993623-1380600004-1106","ObjectType":"User"},{"ObjectIdentifier":"S-1-5-21-1071434215-2697993623-1380600004-1313","ObjectType":"User"},{"ObjectIdentifier":"S-1-5-21-1071434215-2697993623-1380600004-1256","ObjectType":"User"},{"ObjectIdentifier":"S-1-5-21-1071434215-2697993623-1380600004-1120","ObjectType":"User"},{"ObjectIdentifier":"S-1-5-21-1071434215-2697993623-1380600004-571","ObjectType":"Group"},{"ObjectIdentifier":"S-1-5-21-1071434215-2697993623-1380600004-1236","ObjectType":"User"},{"ObjectIdentifier":"S-1-5-21-1071434215-2697993623-1380600004-1153","ObjectType":"User"},{"ObjectIdentifier":"S-1-5-21-1071434215-2697993623-1380600004-1143","ObjectType":"User"},{"ObjectIdentifier":"S-1-5-21-1071434215-2697993623-1380600004-1182","ObjectType":"User"},{"ObjectIdentifier":"S-1-5-21-1071434215-2697993623-1380600004-1118","ObjectType":"User"},{"ObjectIdentifier":"S-1-5-21-1071434215-2697993623-1380600004-1173","ObjectType":"User"},{"ObjectIdentifier":"S-1-5-21-1071434215-2697993623-1380600004-1163","ObjectType":"User"},{"ObjectIdentifier":"S-1-5-21-1071434215-2697993623-1380600004-1330","ObjectType":"User"},{"ObjectIdentifier":"S-1-5-21-1071434215-2697993623-1380600004-1248","ObjectType":"User"},{"ObjectIdentifier":"S-1-5-21-1071434215-2697993623-1380600004-1327","ObjectType":"User"},{"ObjectIdentifier":"S-1-5-21-1071434215-2697993623-1380600004-1202","ObjectType":"User"},{"ObjectIdentifier":"S-1-5-21-1071434215-2697993623-1380600004-1154","ObjectType":"User"},{"ObjectIdentifier":"S-1-5-21-1071434215-2697993623-1380600004-1286","ObjectType":"User"},{"ObjectIdentifier":"S-1-5-21-1071434215-2697993623-1380600004-1261","ObjectType":"User"},{"ObjectIdentifier":"S-1-5-21-1071434215-2697993623-1380600004-1316","ObjectType":"User"},{"ObjectIdentifier":"S-1-5-21-1071434215-2697993623-1380600004-1273","ObjectType":"User"},{"ObjectIdentifier":"S-1-5-21-1071434215-2697993623-1380600004-1127","ObjectType":"User"},{"ObjectIdentifier":"S-1-5-21-1071434215-2697993623-1380600004-1138","ObjectType":"User"},{"ObjectIdentifier":"S-1-5-21-1071434215-2697993623-1380600004-1280","ObjectType":"User"},{"ObjectIdentifier":"S-1-5-21-1071434215-2697993623-1380600004-1146","ObjectType":"User"},{"ObjectIdentifier":"S-1-5-21-1071434215-2697993623-1380600004-1268","ObjectType":"User"},{"ObjectIdentifier":"S-1-5-21-1071434215-2697993623-1380600004-1123","ObjectType":"User"},{"ObjectIdentifier":"S-1-5-21-1071434215-2697993623-1380600004-1299","ObjectType":"User"},{"ObjectIdentifier":"S-1-5-21-1071434215-2697993623-1380600004-1307","ObjectType":"User"},{"ObjectIdentifier":"S-1-5-21-1071434215-2697993623-1380600004-1238","ObjectType":"User"},{"ObjectIdentifier":"S-1-5-21-1071434215-2697993623-1380600004-1270","ObjectType":"User"},{"ObjectIdentifier":"S-1-5-21-1071434215-2697993623-1380600004-1207","ObjectType":"User"},{"ObjectIdentifier":"S-1-5-21-1071434215-2697993623-1380600004-1136","ObjectType":"User"},{"ObjectIdentifier":"S-1-5-21-1071434215-2697993623-1380600004-1277","ObjectType":"User"},{"ObjectIdentifier":"S-1-5-21-1071434215-2697993623-1380600004-1208","ObjectType":"User"},{"ObjectIdentifier":"S-1-5-21-1071434215-2697993623-1380600004-1303","ObjectType":"User"},{"ObjectIdentifier":"S-1-5-21-1071434215-2697993623-1380600004-1172","ObjectType":"User"},{"ObjectIdentifier":"S-1-5-21-1071434215-2697993623-1380600004-1109","ObjectType":"User"},{"ObjectIdentifier":"S-1-5-21-1071434215-2697993623-1380600004-1121","ObjectType":"User"},{"ObjectIdentifier":"S-1-5-21-1071434215-2697993623-1380600004-1290","ObjectType":"User"},{"ObjectIdentifier":"S-1-5-21-1071434215-2697993623-1380600004-517","ObjectType":"Group"},{"ObjectIdentifier":"S-1-5-21-1071434215-2697993623-1380600004-1197","ObjectType":"User"},{"ObjectIdentifier":"S-1-5-21-1071434215-2697993623-1380600004-522","ObjectType":"Group"},{"ObjectIdentifier":"S-1-5-21-1071434215-2697993623-1380600004-1312","ObjectType":"User"},{"ObjectIdentifier":"S-1-5-21-1071434215-2697993623-1380600004-1199","ObjectType":"User"},{"ObjectIdentifier":"S-1-5-21-1071434215-2697993623-1380600004-1329","ObjectType":"User"},{"ObjectIdentifier":"S-1-5-21-1071434215-2697993623-1380600004-1131","ObjectType":"User"},{"ObjectIdentifier":"S-1-5-21-1071434215-2697993623-1380600004-1174","ObjectType":"User"},{"ObjectIdentifier":"S-1-5-21-1071434215-2697993623-1380600004-1189","ObjectType":"User"},{"ObjectIdentifier":"S-1-5-21-1071434215-2697993623-1380600004-1145","ObjectType":"User"},{"ObjectIdentifier":"S-1-5-21-1071434215-2697993623-1380600004-1281","ObjectType":"User"},{"ObjectIdentifier":"S-1-5-21-1071434215-2697993623-1380600004-1301","ObjectType":"User"},{"ObjectIdentifier":"S-1-5-21-1071434215-2697993623-1380600004-1269","ObjectType":"User"},{"ObjectIdentifier":"S-1-5-21-1071434215-2697993623-1380600004-1204","ObjectType":"User"},{"ObjectIdentifier":"S-1-5-21-1071434215-2697993623-1380600004-1126","ObjectType":"User"},{"ObjectIdentifier":"S-1-5-21-1071434215-2697993623-1380600004-1231","ObjectType":"User"},{"ObjectIdentifier":"S-1-5-21-1071434215-2697993623-1380600004-1305","ObjectType":"User"},{"ObjectIdentifier":"S-1-5-21-1071434215-2697993623-1380600004-572","ObjectType":"Group"},{"ObjectIdentifier":"S-1-5-21-1071434215-2697993623-1380600004-1104","ObjectType":"Group"},{"ObjectIdentifier":"S-1-5-21-1071434215-2697993623-1380600004-1103","ObjectType":"Group"},{"ObjectIdentifier":"S-1-5-21-1071434215-2697993623-1380600004-1183","ObjectType":"User"},{"ObjectIdentifier":"S-1-5-21-1071434215-2697993623-1380600004-1101","ObjectType":"Group"},{"ObjectIdentifier":"S-1-5-21-1071434215-2697993623-1380600004-1102","ObjectType":"Group"},{"ObjectIdentifier":"S-1-5-21-1071434215-2697993623-1380600004-1310","ObjectType":"User"},{"ObjectIdentifier":"S-1-5-21-1071434215-2697993623-1380600004-512","ObjectType":"Group"},{"ObjectIdentifier":"S-1-5-21-1071434215-2697993623-1380600004-515","ObjectType":"Group"},{"ObjectIdentifier":"S-1-5-21-1071434215-2697993623-1380600004-516","ObjectType":"Group"},{"ObjectIdentifier":"S-1-5-21-1071434215-2697993623-1380600004-514","ObjectType":"Group"},{"ObjectIdentifier":"S-1-5-21-1071434215-2697993623-1380600004-513","ObjectType":"Group"},{"ObjectIdentifier":"S-1-5-21-1071434215-2697993623-1380600004-1155","ObjectType":"User"},{"ObjectIdentifier":"S-1-5-21-1071434215-2697993623-1380600004-1263","ObjectType":"User"},{"ObjectIdentifier":"S-1-5-21-1071434215-2697993623-1380600004-1300","ObjectType":"User"},{"ObjectIdentifier":"S-1-5-21-1071434215-2697993623-1380600004-1304","ObjectType":"User"},{"ObjectIdentifier":"S-1-5-21-1071434215-2697993623-1380600004-1237","ObjectType":"User"},{"ObjectIdentifier":"S-1-5-21-1071434215-2697993623-1380600004-1112","ObjectType":"User"},{"ObjectIdentifier":"S-1-5-21-1071434215-2697993623-1380600004-1321","ObjectType":"User"},{"ObjectIdentifier":"S-1-5-21-1071434215-2697993623-1380600004-1160","ObjectType":"User"},{"ObjectIdentifier":"S-1-5-21-1071434215-2697993623-1380600004-1194","ObjectType":"User"},{"ObjectIdentifier":"S-1-5-21-1071434215-2697993623-1380600004-519","ObjectType":"Group"},{"ObjectIdentifier":"S-1-5-21-1071434215-2697993623-1380600004-527","ObjectType":"Group"},{"ObjectIdentifier":"S-1-5-21-1071434215-2697993623-1380600004-498","ObjectType":"Group"},{"ObjectIdentifier":"S-1-5-21-1071434215-2697993623-1380600004-1284","ObjectType":"User"},{"ObjectIdentifier":"S-1-5-21-1071434215-2697993623-1380600004-1294","ObjectType":"User"},{"ObjectIdentifier":"S-1-5-21-1071434215-2697993623-1380600004-1249","ObjectType":"User"},{"ObjectIdentifier":"S-1-5-21-1071434215-2697993623-1380600004-1166","ObjectType":"User"},{"ObjectIdentifier":"S-1-5-21-1071434215-2697993623-1380600004-1196","ObjectType":"User"},{"ObjectIdentifier":"S-1-5-21-1071434215-2697993623-1380600004-1151","ObjectType":"User"},{"ObjectIdentifier":"S-1-5-21-1071434215-2697993623-1380600004-1211","ObjectType":"Group"},{"ObjectIdentifier":"S-1-5-21-1071434215-2697993623-1380600004-1315","ObjectType":"User"},{"ObjectIdentifier":"S-1-5-21-1071434215-2697993623-1380600004-1309","ObjectType":"User"},{"ObjectIdentifier":"S-1-5-21-1071434215-2697993623-1380600004-1162","ObjectType":"User"},{"ObjectIdentifier":"S-1-5-21-1071434215-2697993623-1380600004-1259","ObjectType":"User"},{"ObjectIdentifier":"S-1-5-21-1071434215-2697993623-1380600004-1177","ObjectType":"User"},{"ObjectIdentifier":"S-1-5-21-1071434215-2697993623-1380600004-1235","ObjectType":"User"},{"ObjectIdentifier":"S-1-5-21-1071434215-2697993623-1380600004-1171","ObjectType":"User"},{"ObjectIdentifier":"S-1-5-21-1071434215-2697993623-1380600004-1245","ObjectType":"User"},{"ObjectIdentifier":"S-1-5-21-1071434215-2697993623-1380600004-1323","ObjectType":"User"},{"ObjectIdentifier":"S-1-5-21-1071434215-2697993623-1380600004-1135","ObjectType":"User"},{"ObjectIdentifier":"S-1-5-21-1071434215-2697993623-1380600004-1251","ObjectType":"User"},{"ObjectIdentifier":"S-1-5-21-1071434215-2697993623-1380600004-1242","ObjectType":"User"},{"ObjectIdentifier":"S-1-5-21-1071434215-2697993623-1380600004-1187","ObjectType":"User"},{"ObjectIdentifier":"S-1-5-21-1071434215-2697993623-1380600004-1157","ObjectType":"User"},{"ObjectIdentifier":"S-1-5-21-1071434215-2697993623-1380600004-520","ObjectType":"Group"},{"ObjectIdentifier":"S-1-5-21-1071434215-2697993623-1380600004-501","ObjectType":"User"},{"ObjectIdentifier":"S-1-5-21-1071434215-2697993623-1380600004-1326","ObjectType":"User"},{"ObjectIdentifier":"S-1-5-21-1071434215-2697993623-1380600004-1179","ObjectType":"User"},{"ObjectIdentifier":"S-1-5-21-1071434215-2697993623-1380600004-1285","ObjectType":"User"},{"ObjectIdentifier":"S-1-5-21-1071434215-2697993623-1380600004-1257","ObjectType":"User"},{"ObjectIdentifier":"S-1-5-21-1071434215-2697993623-1380600004-1176","ObjectType":"User"},{"ObjectIdentifier":"S-1-5-21-1071434215-2697993623-1380600004-1287","ObjectType":"User"},{"ObjectIdentifier":"S-1-5-21-1071434215-2697993623-1380600004-1234","ObjectType":"User"},{"ObjectIdentifier":"S-1-5-21-1071434215-2697993623-1380600004-1115","ObjectType":"User"},{"ObjectIdentifier":"S-1-5-21-1071434215-2697993623-1380600004-1291","ObjectType":"User"},{"ObjectIdentifier":"S-1-5-21-1071434215-2697993623-1380600004-1181","ObjectType":"User"},{"ObjectIdentifier":"S-1-5-21-1071434215-2697993623-1380600004-1252","ObjectType":"User"},{"ObjectIdentifier":"S-1-5-21-1071434215-2697993623-1380600004-1147","ObjectType":"User"},{"ObjectIdentifier":"S-1-5-21-1071434215-2697993623-1380600004-1210","ObjectType":"Group"},{"ObjectIdentifier":"S-1-5-21-1071434215-2697993623-1380600004-1322","ObjectType":"User"},{"ObjectIdentifier":"S-1-5-21-1071434215-2697993623-1380600004-1191","ObjectType":"User"},{"ObjectIdentifier":"S-1-5-21-1071434215-2697993623-1380600004-1328","ObjectType":"User"},{"ObjectIdentifier":"S-1-5-21-1071434215-2697993623-1380600004-1302","ObjectType":"User"},{"ObjectIdentifier":"S-1-5-21-1071434215-2697993623-1380600004-1292","ObjectType":"User"},{"ObjectIdentifier":"S-1-5-21-1071434215-2697993623-1380600004-1246","ObjectType":"User"},{"ObjectIdentifier":"S-1-5-21-1071434215-2697993623-1380600004-1180","ObjectType":"User"},{"ObjectIdentifier":"S-1-5-21-1071434215-2697993623-1380600004-1297","ObjectType":"User"},{"ObjectIdentifier":"S-1-5-21-1071434215-2697993623-1380600004-1190","ObjectType":"User"},{"ObjectIdentifier":"S-1-5-21-1071434215-2697993623-1380600004-1254","ObjectType":"User"},{"ObjectIdentifier":"S-1-5-21-1071434215-2697993623-1380600004-1250","ObjectType":"User"},{"ObjectIdentifier":"S-1-5-21-1071434215-2697993623-1380600004-1185","ObjectType":"User"},{"ObjectIdentifier":"S-1-5-21-1071434215-2697993623-1380600004-1111","ObjectType":"User"},{"ObjectIdentifier":"S-1-5-21-1071434215-2697993623-1380600004-1164","ObjectType":"User"},{"ObjectIdentifier":"S-1-5-21-1071434215-2697993623-1380600004-1233","ObjectType":"User"},{"ObjectIdentifier":"S-1-5-21-1071434215-2697993623-1380600004-1282","ObjectType":"User"},{"ObjectIdentifier":"S-1-5-21-1071434215-2697993623-1380600004-1255","ObjectType":"User"},{"ObjectIdentifier":"S-1-5-21-1071434215-2697993623-1380600004-1161","ObjectType":"User"},{"ObjectIdentifier":"S-1-5-21-1071434215-2697993623-1380600004-1159","ObjectType":"User"},{"ObjectIdentifier":"S-1-5-21-1071434215-2697993623-1380600004-1129","ObjectType":"User"},{"ObjectIdentifier":"S-1-5-21-1071434215-2697993623-1380600004-1116","ObjectType":"User"},{"ObjectIdentifier":"S-1-5-21-1071434215-2697993623-1380600004-1320","ObjectType":"User"},{"ObjectIdentifier":"S-1-5-21-1071434215-2697993623-1380600004-1205","ObjectType":"User"},{"ObjectIdentifier":"S-1-5-21-1071434215-2697993623-1380600004-1275","ObjectType":"User"},{"ObjectIdentifier":"S-1-5-21-1071434215-2697993623-1380600004-526","ObjectType":"Group"},{"ObjectIdentifier":"S-1-5-21-1071434215-2697993623-1380600004-1333","ObjectType":"Group"},{"ObjectIdentifier":"S-1-5-21-1071434215-2697993623-1380600004-1258","ObjectType":"User"},{"ObjectIdentifier":"S-1-5-21-1071434215-2697993623-1380600004-1274","ObjectType":"User"},{"ObjectIdentifier":"S-1-5-21-1071434215-2697993623-1380600004-1296","ObjectType":"User"},{"ObjectIdentifier":"S-1-5-21-1071434215-2697993623-1380600004-1276","ObjectType":"User"},{"ObjectIdentifier":"S-1-5-21-1071434215-2697993623-1380600004-502","ObjectType":"User"},{"ObjectIdentifier":"S-1-5-21-1071434215-2697993623-1380600004-1192","ObjectType":"User"},{"ObjectIdentifier":"S-1-5-21-1071434215-2697993623-1380600004-1184","ObjectType":"User"},{"ObjectIdentifier":"S-1-5-21-1071434215-2697993623-1380600004-1169","ObjectType":"User"},{"ObjectIdentifier":"S-1-5-21-1071434215-2697993623-1380600004-1158","ObjectType":"User"},{"ObjectIdentifier":"S-1-5-21-1071434215-2697993623-1380600004-1198","ObjectType":"User"},{"ObjectIdentifier":"S-1-5-21-1071434215-2697993623-1380600004-1124","ObjectType":"User"},{"ObjectIdentifier":"S-1-5-21-1071434215-2697993623-1380600004-1167","ObjectType":"User"},{"ObjectIdentifier":"S-1-5-21-1071434215-2697993623-1380600004-1308","ObjectType":"User"},{"ObjectIdentifier":"S-1-5-21-1071434215-2697993623-1380600004-1239","ObjectType":"User"},{"ObjectIdentifier":"S-1-5-21-1071434215-2697993623-1380600004-1130","ObjectType":"User"},{"ObjectIdentifier":"S-1-5-21-1071434215-2697993623-1380600004-1247","ObjectType":"User"},{"ObjectIdentifier":"S-1-5-21-1071434215-2697993623-1380600004-1201","ObjectType":"User"},{"ObjectIdentifier":"S-1-5-21-1071434215-2697993623-1380600004-1260","ObjectType":"User"},{"ObjectIdentifier":"S-1-5-21-1071434215-2697993623-1380600004-1241","ObjectType":"User"},{"ObjectIdentifier":"S-1-5-21-1071434215-2697993623-1380600004-1186","ObjectType":"User"},{"ObjectIdentifier":"S-1-5-21-1071434215-2697993623-1380600004-1314","ObjectType":"User"},{"ObjectIdentifier":"S-1-5-21-1071434215-2697993623-1380600004-1133","ObjectType":"User"},{"ObjectIdentifier":"S-1-5-21-1071434215-2697993623-1380600004-1325","ObjectType":"User"},{"ObjectIdentifier":"S-1-5-21-1071434215-2697993623-1380600004-1149","ObjectType":"User"},{"ObjectIdentifier":"S-1-5-21-1071434215-2697993623-1380600004-1128","ObjectType":"User"},{"ObjectIdentifier":"S-1-5-21-1071434215-2697993623-1380600004-1110","ObjectType":"User"},{"ObjectIdentifier":"S-1-5-21-1071434215-2697993623-1380600004-1311","ObjectType":"User"},{"ObjectIdentifier":"S-1-5-21-1071434215-2697993623-1380600004-1200","ObjectType":"User"},{"ObjectIdentifier":"S-1-5-21-1071434215-2697993623-1380600004-1156","ObjectType":"User"},{"ObjectIdentifier":"S-1-5-21-1071434215-2697993623-1380600004-1144","ObjectType":"User"},{"ObjectIdentifier":"S-1-5-21-1071434215-2697993623-1380600004-1264","ObjectType":"User"},{"ObjectIdentifier":"S-1-5-21-1071434215-2697993623-1380600004-1317","ObjectType":"User"},{"ObjectIdentifier":"S-1-5-21-1071434215-2697993623-1380600004-1165","ObjectType":"User"},{"ObjectIdentifier":"S-1-5-21-1071434215-2697993623-1380600004-1214","ObjectType":"Group"},{"ObjectIdentifier":"S-1-5-21-1071434215-2697993623-1380600004-1117","ObjectType":"User"},{"ObjectIdentifier":"S-1-5-21-1071434215-2697993623-1380600004-1170","ObjectType":"User"},{"ObjectIdentifier":"S-1-5-21-1071434215-2697993623-1380600004-1105","ObjectType":"User"},{"ObjectIdentifier":"S-1-5-21-1071434215-2697993623-1380600004-1289","ObjectType":"User"},{"ObjectIdentifier":"S-1-5-21-1071434215-2697993623-1380600004-1132","ObjectType":"User"},{"ObjectIdentifier":"S-1-5-21-1071434215-2697993623-1380600004-1168","ObjectType":"User"},{"ObjectIdentifier":"S-1-5-21-1071434215-2697993623-1380600004-1114","ObjectType":"User"},{"ObjectIdentifier":"S-1-5-21-1071434215-2697993623-1380600004-1222","ObjectType":"User"},{"ObjectIdentifier":"S-1-5-21-1071434215-2697993623-1380600004-1272","ObjectType":"User"},{"ObjectIdentifier":"S-1-5-21-1071434215-2697993623-1380600004-1178","ObjectType":"User"},{"ObjectIdentifier":"S-1-5-21-1071434215-2697993623-1380600004-1193","ObjectType":"User"},{"ObjectIdentifier":"S-1-5-21-1071434215-2697993623-1380600004-1140","ObjectType":"User"},{"ObjectIdentifier":"S-1-5-21-1071434215-2697993623-1380600004-1278","ObjectType":"User"},{"ObjectIdentifier":"S-1-5-21-1071434215-2697993623-1380600004-1209","ObjectType":"Group"},{"ObjectIdentifier":"S-1-5-21-1071434215-2697993623-1380600004-1293","ObjectType":"User"},{"ObjectIdentifier":"S-1-5-21-1071434215-2697993623-1380600004-1306","ObjectType":"User"},{"ObjectIdentifier":"S-1-5-21-1071434215-2697993623-1380600004-1142","ObjectType":"User"},{"ObjectIdentifier":"S-1-5-21-1071434215-2697993623-1380600004-1137","ObjectType":"User"},{"ObjectIdentifier":"S-1-5-21-1071434215-2697993623-1380600004-1240","ObjectType":"User"},{"ObjectIdentifier":"S-1-5-21-1071434215-2697993623-1380600004-1265","ObjectType":"User"},{"ObjectIdentifier":"S-1-5-21-1071434215-2697993623-1380600004-1324","ObjectType":"User"},{"ObjectIdentifier":"S-1-5-21-1071434215-2697993623-1380600004-1122","ObjectType":"User"},{"ObjectIdentifier":"S-1-5-21-1071434215-2697993623-1380600004-1108","ObjectType":"User"},{"ObjectIdentifier":"S-1-5-21-1071434215-2697993623-1380600004-1141","ObjectType":"User"},{"ObjectIdentifier":"S-1-5-21-1071434215-2697993623-1380600004-1213","ObjectType":"Group"},{"ObjectIdentifier":"S-1-5-21-1071434215-2697993623-1380600004-525","ObjectType":"Group"},{"ObjectIdentifier":"S-1-5-21-1071434215-2697993623-1380600004-1188","ObjectType":"User"},{"ObjectIdentifier":"S-1-5-21-1071434215-2697993623-1380600004-1283","ObjectType":"User"},{"ObjectIdentifier":"S-1-5-21-1071434215-2697993623-1380600004-1175","ObjectType":"User"},{"ObjectIdentifier":"S-1-5-21-1071434215-2697993623-1380600004-1195","ObjectType":"User"},{"ObjectIdentifier":"S-1-5-21-1071434215-2697993623-1380600004-553","ObjectType":"Group"},{"ObjectIdentifier":"S-1-5-21-1071434215-2697993623-1380600004-1253","ObjectType":"User"},{"ObjectIdentifier":"S-1-5-21-1071434215-2697993623-1380600004-521","ObjectType":"Group"},{"ObjectIdentifier":"S-1-5-21-1071434215-2697993623-1380600004-1288","ObjectType":"User"},{"ObjectIdentifier":"S-1-5-21-1071434215-2697993623-1380600004-1150","ObjectType":"User"},{"ObjectIdentifier":"S-1-5-21-1071434215-2697993623-1380600004-1262","ObjectType":"User"},{"ObjectIdentifier":"S-1-5-21-1071434215-2697993623-1380600004-1243","ObjectType":"User"},{"ObjectIdentifier":"S-1-5-21-1071434215-2697993623-1380600004-1232","ObjectType":"User"},{"ObjectIdentifier":"S-1-5-21-1071434215-2697993623-1380600004-1271","ObjectType":"User"},{"ObjectIdentifier":"S-1-5-21-1071434215-2697993623-1380600004-1215","ObjectType":"Group"},{"ObjectIdentifier":"S-1-5-21-1071434215-2697993623-1380600004-1113","ObjectType":"User"},{"ObjectIdentifier":"S-1-5-21-1071434215-2697993623-1380600004-518","ObjectType":"Group"},{"ObjectIdentifier":"S-1-5-21-1071434215-2697993623-1380600004-1134","ObjectType":"User"},{"ObjectIdentifier":"S-1-5-21-1071434215-2697993623-1380600004-1212","ObjectType":"Group"},{"ObjectIdentifier":"S-1-5-21-1071434215-2697993623-1380600004-1334","ObjectType":"User"},{"ObjectIdentifier":"S-1-5-21-1071434215-2697993623-1380600004-1223","ObjectType":"Group"},{"ObjectIdentifier":"S-1-5-21-1071434215-2697993623-1380600004-1148","ObjectType":"User"},{"ObjectIdentifier":"S-1-5-21-1071434215-2697993623-1380600004-1244","ObjectType":"User"},{"ObjectIdentifier":"S-1-5-21-1071434215-2697993623-1380600004-1279","ObjectType":"User"},{"ObjectIdentifier":"S-1-5-21-1071434215-2697993623-1380600004-1119","ObjectType":"User"},{"ObjectIdentifier":"S-1-5-21-1071434215-2697993623-1380600004-1358","ObjectType":"Group"},{"ObjectIdentifier":"S-1-5-21-1071434215-2697993623-1380600004-1203","ObjectType":"User"}],"Aces":[{"PrincipalSID":"S-1-5-21-1071434215-2697993623-1380600004-512","PrincipalType":"Group","RightName":"Owns","IsInherited":false},{"PrincipalSID":"S-1-5-21-1071434215-2697993623-1380600004-512","PrincipalType":"Group","RightName":"WriteDacl","IsInherited":false},{"PrincipalSID":"S-1-5-21-1071434215-2697993623-1380600004-512","PrincipalType":"Group","RightName":"WriteOwner","IsInherited":false},{"PrincipalSID":"S-1-5-21-1071434215-2697993623-1380600004-519","PrincipalType":"Group","RightName":"GenericAll","IsInherited":true},{"PrincipalSID":"INSECURECORP.LOCAL-S-1-5-32-544","PrincipalType":"Group","RightName":"WriteDacl","IsInherited":true},{"PrincipalSID":"INSECURECORP.LOCAL-S-1-5-32-544","PrincipalType":"Group","RightName":"WriteOwner","IsInherited":true}],"ObjectIdentifier":"887E0DDD-B0F5-4C02-95C3-703B9E2686E0","IsDeleted":false,"IsACLProtected":false}],"meta":{"methods":29675,"type":"containers","count":21,"version":5}}