﻿{"data":[{"GPOChanges":{"LocalAdmins":[],"RemoteDesktopUsers":[],"DcomUsers":[],"PSRemoteUsers":[],"AffectedComputers":[]},"Properties":{"domain":"INSECURECORP.LOCAL","name":"DOMAIN CONTROLLERS@INSECURECORP.LOCAL","distinguishedname":"OU=DOMAIN CONTROLLERS,DC=INSECURECORP,DC=LOCAL","domainsid":"S-1-5-21-1071434215-2697993623-1380600004","highvalue":false,"description":"Default container for domain controllers","whencreated":1684584558,"blocksinheritance":false},"Links":[{"IsEnforced":true,"GUID":"C90CFF4B-FEC9-464F-8EB0-CD39B0950EBB"}],"ChildObjects":[{"ObjectIdentifier":"S-1-5-21-1071434215-2697993623-1380600004-1000","ObjectType":"Computer"}],"Aces":[{"PrincipalSID":"S-1-5-21-1071434215-2697993623-1380600004-512","PrincipalType":"Group","RightName":"Owns","IsInherited":false},{"PrincipalSID":"S-1-5-21-1071434215-2697993623-1380600004-512","PrincipalType":"Group","RightName":"WriteDacl","IsInherited":false},{"PrincipalSID":"S-1-5-21-1071434215-2697993623-1380600004-512","PrincipalType":"Group","RightName":"WriteOwner","IsInherited":false},{"PrincipalSID":"S-1-5-21-1071434215-2697993623-1380600004-519","PrincipalType":"Group","RightName":"GenericAll","IsInherited":true},{"PrincipalSID":"INSECURECORP.LOCAL-S-1-5-32-544","PrincipalType":"Group","RightName":"WriteDacl","IsInherited":true},{"PrincipalSID":"INSECURECORP.LOCAL-S-1-5-32-544","PrincipalType":"Group","RightName":"WriteOwner","IsInherited":true}],"ObjectIdentifier":"63E6FB50-64C8-44A7-B43A-779B843F0362","IsDeleted":false,"IsACLProtected":false}],"meta":{"methods":29675,"type":"ous","count":1,"version":5}}