﻿{"data":[{"Properties":{"domain":"INSECURECORP.LOCAL","name":"DEFAULT DOMAIN CONTROLLERS POLICY@INSECURECORP.LOCAL","distinguishedname":"CN={6AC1786C-016F-11D2-945F-00C04FB984F9},CN=POLICIES,CN=SYSTEM,DC=INSECURECORP,DC=LOCAL","domainsid":"S-1-5-21-1071434215-2697993623-1380600004","highvalue":false,"description":null,"whencreated":1684584558,"gpcpath":"\\\\INSECURECORP.LOCAL\\SYSVOL\\INSECURECORP.LOCAL\\POLICIES\\{6AC1786C-016F-11D2-945F-00C04FB984F9}"},"Aces":[{"PrincipalSID":"S-1-5-21-1071434215-2697993623-1380600004-512","PrincipalType":"Group","RightName":"Owns","IsInherited":false},{"PrincipalSID":"S-1-5-21-1071434215-2697993623-1380600004-512","PrincipalType":"Group","RightName":"WriteDacl","IsInherited":false},{"PrincipalSID":"S-1-5-21-1071434215-2697993623-1380600004-512","PrincipalType":"Group","RightName":"WriteOwner","IsInherited":false},{"PrincipalSID":"S-1-5-21-1071434215-2697993623-1380600004-512","PrincipalType":"Group","RightName":"GenericWrite","IsInherited":false},{"PrincipalSID":"S-1-5-21-1071434215-2697993623-1380600004-512","PrincipalType":"Group","RightName":"WriteDacl","IsInherited":false},{"PrincipalSID":"S-1-5-21-1071434215-2697993623-1380600004-512","PrincipalType":"Group","RightName":"WriteOwner","IsInherited":false},{"PrincipalSID":"S-1-5-21-1071434215-2697993623-1380600004-512","PrincipalType":"Group","RightName":"GenericWrite","IsInherited":false},{"PrincipalSID":"S-1-5-21-1071434215-2697993623-1380600004-519","PrincipalType":"Group","RightName":"WriteDacl","IsInherited":false},{"PrincipalSID":"S-1-5-21-1071434215-2697993623-1380600004-519","PrincipalType":"Group","RightName":"WriteOwner","IsInherited":false},{"PrincipalSID":"S-1-5-21-1071434215-2697993623-1380600004-519","PrincipalType":"Group","RightName":"GenericWrite","IsInherited":false}],"ObjectIdentifier":"C90CFF4B-FEC9-464F-8EB0-CD39B0950EBB","IsDeleted":false,"IsACLProtected":true},{"Properties":{"domain":"INSECURECORP.LOCAL","name":"WINDOWS DEFENDER@INSECURECORP.LOCAL","distinguishedname":"CN={DB8FCD8A-EA81-420B-97D5-D51AB238CFAC},CN=POLICIES,CN=SYSTEM,DC=INSECURECORP,DC=LOCAL","domainsid":"S-1-5-21-1071434215-2697993623-1380600004","highvalue":false,"description":null,"whencreated":1756673884,"gpcpath":"\\\\INSECURECORP.LOCAL\\SYSVOL\\INSECURECORP.LOCAL\\POLICIES\\{DB8FCD8A-EA81-420B-97D5-D51AB238CFAC}"},"Aces":[{"PrincipalSID":"S-1-5-21-1071434215-2697993623-1380600004-512","PrincipalType":"Group","RightName":"Owns","IsInherited":false},{"PrincipalSID":"S-1-5-21-1071434215-2697993623-1380600004-512","PrincipalType":"Group","RightName":"WriteDacl","IsInherited":false},{"PrincipalSID":"S-1-5-21-1071434215-2697993623-1380600004-512","PrincipalType":"Group","RightName":"WriteOwner","IsInherited":false},{"PrincipalSID":"S-1-5-21-1071434215-2697993623-1380600004-512","PrincipalType":"Group","RightName":"GenericWrite","IsInherited":false},{"PrincipalSID":"S-1-5-21-1071434215-2697993623-1380600004-519","PrincipalType":"Group","RightName":"WriteDacl","IsInherited":false},{"PrincipalSID":"S-1-5-21-1071434215-2697993623-1380600004-519","PrincipalType":"Group","RightName":"WriteOwner","IsInherited":false},{"PrincipalSID":"S-1-5-21-1071434215-2697993623-1380600004-519","PrincipalType":"Group","RightName":"GenericWrite","IsInherited":false}],"ObjectIdentifier":"C1F698F6-9052-49FC-8448-6594B006F766","IsDeleted":false,"IsACLProtected":true},{"Properties":{"domain":"INSECURECORP.LOCAL","name":"DEFAULT DOMAIN POLICY@INSECURECORP.LOCAL","distinguishedname":"CN={31B2F340-016D-11D2-945F-00C04FB984F9},CN=POLICIES,CN=SYSTEM,DC=INSECURECORP,DC=LOCAL","domainsid":"S-1-5-21-1071434215-2697993623-1380600004","highvalue":false,"description":null,"whencreated":1684584558,"gpcpath":"\\\\INSECURECORP.LOCAL\\SYSVOL\\INSECURECORP.LOCAL\\POLICIES\\{31B2F340-016D-11D2-945F-00C04FB984F9}"},"Aces":[{"PrincipalSID":"S-1-5-21-1071434215-2697993623-1380600004-512","PrincipalType":"Group","RightName":"Owns","IsInherited":false},{"PrincipalSID":"S-1-5-21-1071434215-2697993623-1380600004-512","PrincipalType":"Group","RightName":"WriteDacl","IsInherited":false},{"PrincipalSID":"S-1-5-21-1071434215-2697993623-1380600004-512","PrincipalType":"Group","RightName":"WriteOwner","IsInherited":false},{"PrincipalSID":"S-1-5-21-1071434215-2697993623-1380600004-512","PrincipalType":"Group","RightName":"GenericWrite","IsInherited":false},{"PrincipalSID":"S-1-5-21-1071434215-2697993623-1380600004-512","PrincipalType":"Group","RightName":"WriteDacl","IsInherited":false},{"PrincipalSID":"S-1-5-21-1071434215-2697993623-1380600004-512","PrincipalType":"Group","RightName":"WriteOwner","IsInherited":false},{"PrincipalSID":"S-1-5-21-1071434215-2697993623-1380600004-512","PrincipalType":"Group","RightName":"GenericWrite","IsInherited":false},{"PrincipalSID":"S-1-5-21-1071434215-2697993623-1380600004-519","PrincipalType":"Group","RightName":"WriteDacl","IsInherited":false},{"PrincipalSID":"S-1-5-21-1071434215-2697993623-1380600004-519","PrincipalType":"Group","RightName":"WriteOwner","IsInherited":false},{"PrincipalSID":"S-1-5-21-1071434215-2697993623-1380600004-519","PrincipalType":"Group","RightName":"GenericWrite","IsInherited":false}],"ObjectIdentifier":"2ABBACDF-5A47-40CC-A985-C92D0CAEF2C3","IsDeleted":false,"IsACLProtected":true},{"Properties":{"domain":"INSECURECORP.LOCAL","name":"MISCONFIGURED POLICY@INSECURECORP.LOCAL","distinguishedname":"CN={0120C39A-5065-469A-92DE-26C6867033BD},CN=POLICIES,CN=SYSTEM,DC=INSECURECORP,DC=LOCAL","domainsid":"S-1-5-21-1071434215-2697993623-1380600004","highvalue":false,"description":null,"whencreated":1685008532,"gpcpath":"\\\\INSECURECORP.LOCAL\\SYSVOL\\INSECURECORP.LOCAL\\POLICIES\\{0120C39A-5065-469A-92DE-26C6867033BD}"},"Aces":[{"PrincipalSID":"S-1-5-21-1071434215-2697993623-1380600004-512","PrincipalType":"Group","RightName":"Owns","IsInherited":false},{"PrincipalSID":"S-1-5-21-1071434215-2697993623-1380600004-512","PrincipalType":"Group","RightName":"WriteDacl","IsInherited":false},{"PrincipalSID":"S-1-5-21-1071434215-2697993623-1380600004-512","PrincipalType":"Group","RightName":"WriteOwner","IsInherited":false},{"PrincipalSID":"S-1-5-21-1071434215-2697993623-1380600004-512","PrincipalType":"Group","RightName":"GenericWrite","IsInherited":false},{"PrincipalSID":"S-1-5-21-1071434215-2697993623-1380600004-519","PrincipalType":"Group","RightName":"WriteDacl","IsInherited":false},{"PrincipalSID":"S-1-5-21-1071434215-2697993623-1380600004-519","PrincipalType":"Group","RightName":"WriteOwner","IsInherited":false},{"PrincipalSID":"S-1-5-21-1071434215-2697993623-1380600004-519","PrincipalType":"Group","RightName":"GenericWrite","IsInherited":false},{"PrincipalSID":"S-1-5-21-1071434215-2697993623-1380600004-1104","PrincipalType":"Group","RightName":"GenericWrite","IsInherited":false}],"ObjectIdentifier":"EF13C8E4-DBF2-43DB-8435-997FE3A09829","IsDeleted":false,"IsACLProtected":true}],"meta":{"methods":29675,"type":"gpos","count":4,"version":5}}