﻿{"data":[{"GPOChanges":{"LocalAdmins":[],"RemoteDesktopUsers":[],"DcomUsers":[],"PSRemoteUsers":[],"AffectedComputers":[]},"Properties":{"domain":"INSECURECORP.LOCAL","name":"INSECURECORP.LOCAL","distinguishedname":"DC=INSECURECORP,DC=LOCAL","domainsid":"S-1-5-21-1071434215-2697993623-1380600004","highvalue":true,"description":null,"whencreated":1684584553,"functionallevel":"2016"},"ChildObjects":[{"ObjectIdentifier":"EC14E31B-0CF5-4C5C-8C6C-5B48AE01BFDF","ObjectType":"Container"},{"ObjectIdentifier":"63E6FB50-64C8-44A7-B43A-779B843F0362","ObjectType":"OU"},{"ObjectIdentifier":"B6C0C161-930B-4D1F-ACA7-8DE6D5B7E17A","ObjectType":"Container"},{"ObjectIdentifier":"D4E06ECE-9589-4BCE-B37E-C97A1FBFAB1A","ObjectType":"Container"},{"ObjectIdentifier":"887E0DDD-B0F5-4C02-95C3-703B9E2686E0","ObjectType":"Container"}],"Trusts":[],"Links":[{"IsEnforced":true,"GUID":"C1F698F6-9052-49FC-8448-6594B006F766"},{"IsEnforced":true,"GUID":"EF13C8E4-DBF2-43DB-8435-997FE3A09829"},{"IsEnforced":true,"GUID":"2ABBACDF-5A47-40CC-A985-C92D0CAEF2C3"}],"Aces":[{"PrincipalSID":"INSECURECORP.LOCAL-S-1-5-32-544","PrincipalType":"Group","RightName":"Owns","IsInherited":false},{"PrincipalSID":"INSECURECORP.LOCAL-S-1-5-32-544","PrincipalType":"Group","RightName":"WriteDacl","IsInherited":false},{"PrincipalSID":"INSECURECORP.LOCAL-S-1-5-32-544","PrincipalType":"Group","RightName":"WriteOwner","IsInherited":false},{"PrincipalSID":"INSECURECORP.LOCAL-S-1-5-32-544","PrincipalType":"Group","RightName":"AllExtendedRights","IsInherited":false},{"PrincipalSID":"S-1-5-21-1071434215-2697993623-1380600004-512","PrincipalType":"Group","RightName":"WriteDacl","IsInherited":false},{"PrincipalSID":"S-1-5-21-1071434215-2697993623-1380600004-512","PrincipalType":"Group","RightName":"WriteOwner","IsInherited":false},{"PrincipalSID":"S-1-5-21-1071434215-2697993623-1380600004-512","PrincipalType":"Group","RightName":"AllExtendedRights","IsInherited":false},{"PrincipalSID":"S-1-5-21-1071434215-2697993623-1380600004-519","PrincipalType":"Group","RightName":"GenericAll","IsInherited":false},{"PrincipalSID":"INSECURECORP.LOCAL-S-1-5-9","PrincipalType":"Group","RightName":"GetChangesInFilteredSet","IsInherited":false},{"PrincipalSID":"INSECURECORP.LOCAL-S-1-5-9","PrincipalType":"Group","RightName":"GetChanges","IsInherited":false},{"PrincipalSID":"INSECURECORP.LOCAL-S-1-5-32-544","PrincipalType":"Group","RightName":"GetChangesAll","IsInherited":false},{"PrincipalSID":"INSECURECORP.LOCAL-S-1-5-32-544","PrincipalType":"Group","RightName":"GetChangesInFilteredSet","IsInherited":false},{"PrincipalSID":"INSECURECORP.LOCAL-S-1-5-32-544","PrincipalType":"Group","RightName":"GetChanges","IsInherited":false},{"PrincipalSID":"S-1-5-21-1071434215-2697993623-1380600004-498","PrincipalType":"Group","RightName":"GetChanges","IsInherited":false},{"PrincipalSID":"S-1-5-21-1071434215-2697993623-1380600004-516","PrincipalType":"Group","RightName":"GetChangesAll","IsInherited":false},{"PrincipalSID":"S-1-5-21-1071434215-2697993623-1380600004-1177","PrincipalType":"User","RightName":"GetChanges","IsInherited":false},{"PrincipalSID":"S-1-5-21-1071434215-2697993623-1380600004-1177","PrincipalType":"User","RightName":"GetChangesAll","IsInherited":false},{"PrincipalSID":"S-1-5-21-1071434215-2697993623-1380600004-1270","PrincipalType":"User","RightName":"GetChangesAll","IsInherited":false},{"PrincipalSID":"S-1-5-21-1071434215-2697993623-1380600004-1270","PrincipalType":"User","RightName":"GetChanges","IsInherited":false},{"PrincipalSID":"S-1-5-21-1071434215-2697993623-1380600004-1270","PrincipalType":"User","RightName":"GetChangesInFilteredSet","IsInherited":false},{"PrincipalSID":"S-1-5-21-1071434215-2697993623-1380600004-1307","PrincipalType":"User","RightName":"GetChanges","IsInherited":false},{"PrincipalSID":"S-1-5-21-1071434215-2697993623-1380600004-1307","PrincipalType":"User","RightName":"GetChangesAll","IsInherited":false},{"PrincipalSID":"S-1-5-21-1071434215-2697993623-1380600004-1307","PrincipalType":"User","RightName":"GetChangesInFilteredSet","IsInherited":false}],"ObjectIdentifier":"S-1-5-21-1071434215-2697993623-1380600004","IsDeleted":false,"IsACLProtected":false}],"meta":{"methods":29675,"type":"domains","count":1,"version":5}}